,1,2,3,4,5,6,7,8,9,10,11,12,13,14
Wavelength,Absorbance,Absorbance,Absorbance,Absorbance,Absorbance,Absorbance,Absorbance,Absorbance,Absorbance,Absorbance,Absorbance,Absorbance,Absorbance,Absorbance
380,760.284390200767,1205.11012627981,940.464709186218,989.96909403957,776.660800797084,907.648542995665,990.437508625364,874.561252807101,1041.47062066353,1071.9978539156,874.657340020681,807.108902473727,1021.17748034071,724.842639473977
381,903.395668341177,934.985737800428,934.36029427491,885.351529076368,1049.38553583134,983.267914026667,887.075992183102,1113.92208336021,1196.42438632829,1065.37156833101,933.027150657725,770.082825721629,801.435792942456,1165.43109141246
382,995.627303399539,1235.8800186241,1153.52720804897,1123.10577976712,992.542876592219,1139.67639614039,959.992214319389,960.56165264367,1106.03914364939,942.617951131894,862.348160415415,942.807048537912,1233.04231808802,1185.97571274223
383,1066.4803456882,1146.51899584681,953.099467753155,936.90960264258,985.409865974453,1193.6352193579,871.982326960129,1145.01790782069,1178.98607409773,935.494364789304,999.735441814412,1162.21050361458,1063.85751695023,1016.90487996958
384,997.546404055145,1042.51273678886,962.865230386495,1057.56133718116,1056.8875098777,1106.85356235548,898.781350597763,995.172665691439,976.045534113953,992.468089077363,961.78107714803,1250.43808915435,942.927127095886,913.28947083022
385,1226.6296959843,1114.78434828679,1195.01034510583,1131.04968816353,1176.61229391276,921.212243923144,1048.44068738327,1223.92944474208,1146.67692929259,985.476316628462,953.925586110414,1158.61021376975,984.809237637013,1016.12572816929
386,1302.87900798993,1142.28276345623,1285.9046588146,1411.43686091682,904.839092584615,1284.86547422026,1239.47601008534,1347.10922535559,1156.34570970482,1108.9250850226,980.480854039009,872.358430167745,854.678563182945,1221.04535710821
387,1204.05795920405,1327.55173385249,1027.61387220527,1721.45170216355,995.965320110039,1248.06113374702,1532.25003698338,1280.0356312957,1611.93243382393,1150.26958564068,805.808627058915,1294.28548043219,1072.60668982434,1231.77214177649
388,1180.91589399603,1497.10762738402,1371.26570761804,1354.35467228589,1292.24569086016,1274.48040706404,1591.42676519131,1557.25511674651,1259.20743183351,1022.85780438611,1273.50492616684,1368.37924427741,1164.2680379615,1383.28983980009
389,1352.69280607551,1771.46051690518,1836.22294624579,1631.53565632376,1350.75703917394,1349.92340186109,1853.17531373937,1365.66795481669,1472.1927703571,970.581037581561,908.867309659235,1773.50190430608,1066.83401996747,1677.87946666626
390,1815.32791674415,1894.88564075519,1753.77864853456,2408.50012397798,1704.63857709145,1406.13349923077,2093.29339098621,1578.73335704988,1751.04730024188,983.184999542912,1188.94563579388,1574.62607280979,904.073961023981,1746.82745934174
391,1702.92151861069,1715.30208310041,1963.17278005667,2212.96286542817,1385.8563466912,1914.38219177773,2371.27815465071,1681.2081712608,1772.58813137873,1026.75802511992,1010.48774737121,1651.12825832121,965.015698355061,1852.491405023
392,1818.27768619914,1925.48318129576,1585.37307871712,1942.51744189828,1830.4828919387,1848.30129704994,2187.81715000122,2390.72011660604,2111.81081716604,758.805787539618,1010.36413323784,1488.73255113028,1009.00069764935,1954.21949396233
393,2182.43185972894,2055.16018248404,2257.08467932031,2786.94201297042,1777.4881213995,1622.33475074841,2366.75850437699,2206.71964546739,2471.98468332043,910.078146681985,972.712168277046,2226.42804783091,1358.52098710594,2191.47614625093
394,2378.26657230902,2590.31180424721,2343.85504301764,2973.48673949036,2079.73592418703,2110.14800438556,3052.68633759453,2312.94923309233,2753.08453530463,1046.73600891392,1093.77879584006,2388.76993036626,1000.86414955672,2652.23542469292
395,2704.75548362216,3086.9727631403,2946.46927546672,3256.50373150559,2375.12364417343,2303.25806150805,3325.28506477598,2206.62806350352,3072.18074185144,934.010140909304,1198.00339087518,2559.66976469452,921.53261815527,2712.34398117081
396,2817.86231585225,2794.85051658941,3268.20122361295,3497.75211703799,2032.15396756379,2350.99179995703,3197.37491938466,2764.44595002288,3157.02298177115,1174.19154643913,1128.9230489891,2307.07618605467,1067.78473969711,3600.13451738218
397,2941.83321402557,3099.7180649753,3318.70962081453,3879.69236406621,2854.85617485367,2779.05071327122,3766.70946036491,3085.83474698495,3648.22988625349,1228.3635830496,1064.6534770365,2900.90442120213,1168.40540014153,3282.50806075892
398,3286.97487168189,3196.16109503604,3284.68952966908,3692.47845479102,3402.74483212281,2659.64164478866,4074.17335409835,3503.83414734768,3843.32732364086,1131.8624685601,952.719253691343,3065.80127602618,1282.86545625918,3715.14387535239
399,3082.15195245662,3251.04659072141,3375.84876661267,4248.49986527142,3254.92422843379,3082.69718837638,4502.0323417159,3329.33849829746,4072.68892530276,1262.28161482769,1338.83613422298,3280.58437554492,1111.52603381561,3564.96536418813
400,3045.16946860225,3298.05410015065,3791.64221621953,4669.26307506957,3305.83376838164,2827.26350814176,4770.52966446963,3785.44433157796,4122.83477882099,1076.8094308232,914.368422969759,3509.75103083175,1240.18436726547,4238.79599081782
401,3684.89797149176,3183.12260215967,4036.09329047246,5043.08285278346,3550.05706446889,2804.18250098332,4946.22953874765,3521.26310422631,4570.71496764935,1161.87244043073,1088.10675429492,3509.7979934924,1265.31095341902,3779.62890505415
402,4267.37781199976,3723.60125405325,3954.87222868178,4582.97166105291,3166.07372969881,3145.76864464913,5240.4178659517,3776.24300883602,4211.03526296155,1218.00006159898,1206.0769130394,4111.08929132626,1218.90203673991,4150.28391532428
403,3706.06279514925,3959.54714522148,4140.61899765566,5167.17729454711,3615.71148388898,3391.76197135796,4583.12352984173,4095.1600559547,4571.66976553038,1405.9931839107,1229.14310761539,3570.1072827264,1257.55074457667,4093.70942991185
404,4015.89514953491,4036.72434811574,4800.48606606431,5006.25437995904,3316.07986802871,3630.27186243662,5240.11379442888,4195.11997138092,4923.17372985905,1047.72318476498,1313.19960939153,3483.63421118842,1310.450770485,4974.95695348041
405,3799.05899843155,3915.30832331496,4151.862573363,5008.19497883295,3513.54875216966,3676.08245051117,5262.18810058783,4083.90244081254,5018.88864876931,1483.77792111337,1132.883355313,3711.04137943696,1234.33689313606,4851.64501016884
406,4330.9541055379,3995.73150124078,4160.74351993114,5617.28249310955,4140.95659910692,3499.12784488173,5977.92679630429,4347.46087407069,4674.69345551309,1506.13796093537,1257.18090894235,4321.14056842422,1271.85614679338,4958.03190946883
407,4136.25836805851,4234.8434181087,4267.20771550547,5632.72974862155,3943.17065031902,3789.89895063381,5110.18518909923,4127.71334691229,5253.73009234743,1253.50331099925,1196.44888358474,4208.26425669894,1454.48074974826,4853.13016194573
408,4127.01249099047,4195.97371012361,4288.94773709299,5591.2463452955,3668.02672731643,3841.72770090139,5256.99246222043,4448.38644484129,4930.20791214373,1304.61008591377,1493.20962821266,3929.85532305289,1403.63367501241,5568.35630035865
409,4597.19171609106,3994.15086545284,4021.65672480838,5475.00560210917,4012.37665414575,3794.503691669,5156.52740997718,4611.89864254787,5283.5429307144,1543.85990691647,1241.97646762658,3856.74702356424,1569.77358481768,5373.83095562786
410,4346.82226530562,4305.75979199933,4651.43436664162,5890.37232964754,4294.21588664565,3982.1385230168,6005.48620802999,4551.91627790178,5457.69117127554,1350.62092787893,1279.89621363687,4219.77019829108,1275.86369934703,5151.55514712093
411,5044.59804276009,4698.22291823801,4553.93231304104,5902.98953402054,4480.50518929983,3933.96511792528,5654.53436593445,5393.37595942436,5243.74348152758,1705.80448708301,1545.55124846651,4259.31541152457,1688.17611946808,5066.15585155654
412,4479.44255309434,4403.48946305615,4919.39598660946,5971.42424551098,4274.30865815407,4228.2398844067,5850.98140789943,4942.85048292704,5617.71268651816,1669.59797788776,1328.72519893199,5063.37972217931,1825.53457006214,5174.48138112059
413,5366.56922669937,5075.52151604021,4917.50976217078,6940.54069541273,4256.06964152067,4154.79311811594,6287.26111033236,5431.79127941818,6254.66507601303,1935.02807100577,1508.83300613558,4618.52167562159,1832.66006424889,5388.51348492987
414,5762.71287765306,5039.09862434659,6048.92113268778,6454.81798799643,4338.06737292804,4561.31347682535,6433.97074184383,5281.26242687432,6304.92444813087,1844.17188033482,1798.80778742993,4998.93382040877,1713.47547158281,5346.34254387344
415,5603.82834618885,5670.27187439365,5732.81383734855,7143.6222988875,4945.71414655932,4503.49458904231,6284.28413098665,5519.81316698413,6341.46557336997,1921.87569360161,1784.1394186438,5670.25795920109,2260.0232638104,6286.87116360925
416,5104.75501726902,4998.0241124239,5695.46184087271,6450.57284910087,5049.7151169553,4855.07235803473,6764.0782625243,5812.50101362648,5703.90167534291,1799.44300349196,1981.57574085835,5040.60297609093,2036.23057002169,6052.96148454875
417,6196.19606004835,6022.95452924079,5806.09490899349,7392.47198276529,5372.87654541644,4939.47164779566,6706.07643934732,5622.73416936903,6598.47468652907,1976.93450411842,2160.7500740235,5559.07687926297,2085.94389965098,6526.81938118551
418,6087.07611405962,6042.40172480835,6199.52801323462,7259.09481685799,5246.72683443793,5610.34433493311,7089.90202648458,6341.36391647654,6846.62228930918,1842.15639421399,1912.55513670847,5720.41258962747,2312.03979390603,6820.60655882579
419,6580.04123276613,5941.07702264319,6130.26794160987,7193.35747936314,5765.43607274434,5715.00391807581,7113.95374988796,5619.00948890875,6934.11475612463,2319.57268536907,2123.31844955459,6120.92755405744,2220.20163024562,6872.49052096885
420,6485.91149124733,6428.96025188539,6494.05518429965,8388.94983220727,5600.7130095347,5478.614529229,7794.32037972666,6755.86156187616,6982.87623150737,2297.62090477925,2037.14949855878,6628.61902648193,2431.00738793178,7320.81260685673
421,6942.17414236904,7181.34101844811,6918.93816590174,8417.23889651128,6106.87600231826,5965.11932717516,7762.08904469966,6548.78593871131,7225.5807300297,2291.46791236754,1958.05870236891,7103.2925355228,2148.55700701074,7428.65115152392
422,7137.33075461165,6849.94954981218,7446.02595784543,8699.95251460921,6065.84593866851,6250.46955477889,8984.86017646957,6909.62405978076,7900.25560470692,2570.0523563935,2037.72841234983,7504.0192497094,2338.67021785855,7804.35584210091
423,7585.89028341798,7179.7284279899,7247.48090766011,9181.13626868623,6582.71014231202,7462.38392316588,9068.3897274329,7943.68858517691,8147.62603463211,2517.96353908904,2337.13723110911,7531.43913387147,2383.25087287513,8446.06131767017
424,8487.54225473357,7444.0315365013,8212.21382573049,9565.5070806784,7547.92941708587,7672.29435737361,9372.73563029783,8202.70214668724,8692.81785415741,3273.34496361669,2465.47750557645,8132.58338544661,3081.48643538182,8553.4479132141
425,8522.55392202854,9109.91193780271,9117.09703435397,10536.0200958134,7087.26704989744,7342.5728908416,10614.1234028818,7797.03322681244,9237.16772693302,3564.01051445453,3298.90062871841,8306.0408905536,3442.62544620275,9692.97685314641
426,9837.50513356063,9587.74506705573,9936.46620476079,10958.2265366583,8582.33132049528,8841.45583534884,10910.8212126347,8531.4592688046,9698.13663863349,3727.66952077756,2921.4022974813,10385.3681926391,3598.14304008903,10022.4480833203
427,10821.6441089675,10759.7306757913,10608.7665638208,11583.5983262653,8741.87163683781,9342.86229616201,11435.0142672919,10037.1473854174,10505.5438758587,4306.26948398056,3648.01164176287,10981.265370029,4636.4887760563,11335.9856742969
428,11324.5973356308,11763.6293605858,12235.0713984109,13147.463373253,9403.8690027658,10254.5529062102,12265.3779490656,10601.1473318453,11240.6008421935,5190.37918392371,4206.01933622803,13501.6821243383,5086.63004670686,12142.1007868878
429,13007.832857529,12257.4043000267,12644.0670565221,14290.9607483556,10950.0568460331,11795.8677094223,13807.4192472148,12265.6618073994,12681.0678826882,5528.2320272193,5147.0482278391,13317.1180089991,6026.98297873894,13168.8944210054
430,14696.4290528131,14365.1939007518,14423.0068827762,15256.5859374173,12385.0002155191,14028.6535935147,14900.1257678917,13499.9274493872,13888.7479310848,6744.12764630973,6138.03364547995,15630.2007160548,7076.84788559634,15719.0786552287
431,16604.5832462881,17018.2027652265,16574.9356016702,17498.0964871553,13627.1947657408,15597.8707951307,16936.4983133606,15672.0423963123,14539.3051426721,8106.65555300015,7420.41774815072,18479.9450692687,9058.33418173949,17888.2640424645
432,19289.8757184636,19971.4546456617,19434.1108356001,20282.5958305668,16110.8343544559,19852.2768645302,19531.5788147362,17052.8797753114,16832.5671034327,10868.8585696312,9365.07955541982,20969.8473882717,10154.3277458664,19873.8000239845
433,23593.8265211321,22706.1446739845,22249.2955651999,20700.8681781878,19192.3466386775,20466.5552622825,22580.3255016715,20162.8330499847,19660.2908813158,12721.5335987829,10614.8340218147,24093.4011911389,12723.0800641844,22626.4550878756
434,26028.4624485645,26370.5755917083,24383.2730076064,25210.0467355326,20702.9327262478,24627.7009107644,23929.2176260551,22417.0492914255,21533.1382227597,15021.9946144253,12696.0628629971,28189.2456775398,16276.5707131301,26111.772601419
435,29542.4393081598,28739.5282923131,28655.3241465557,26679.2943258699,23512.4732039522,28454.0994033575,27665.6825169561,24973.4836506861,23160.5661344922,18896.5098486458,14804.0430124304,31186.1080674876,19124.6126729017,29208.0532529668
436,33586.0104041197,33904.053556811,30313.4153437009,30620.555413206,27342.0913699017,31496.8664628452,31288.9037137684,28476.0683056375,27450.3835208908,21622.0475199098,18218.7444010507,36186.0090441867,23024.6911683801,32894.4146563484
437,38090.779006712,38532.8083688721,35942.9710775403,33122.5058711132,29152.5752652577,35440.1750642635,35068.5384771276,31858.2914924557,29386.3162910832,26119.2030489377,20478.6608864177,39741.4115828266,26688.7602618393,36876.7084171581
438,43027.3390597723,43036.6958341743,37710.0855639992,37714.4822897633,33267.1852979905,40084.9412691052,37574.4825906533,33732.1935462429,31589.4810919165,29870.7612385853,24164.236778877,42949.9919698972,31240.2173978178,40449.65779663
439,47302.3579955983,45120.0348053359,43057.5728445469,38999.5965926257,36301.1939368973,43551.1058206886,40555.487782206,36225.488974328,36538.0961051105,37042.4060326438,29006.7541440231,48383.8445141958,35923.9891611787,44970.2218102508
440,50126.0295189365,50188.142437664,46366.5635035093,43533.1400447473,40920.6255515622,46206.8724304057,43987.9357141389,40105.3487501506,38612.1019471368,42626.3340954314,34180.8216775292,51588.7665492616,42726.6470263933,48744.5788036971
441,55849.3757704939,54592.1926969661,49763.6912292374,46776.2488589498,43030.6907879987,52051.3810385582,47134.9955779725,43133.8677935882,40360.6716813134,48102.557704435,39760.4813843166,57626.6962991664,47613.5652507686,53456.4766939547
442,59125.0660368347,56361.4518030803,53597.8186670969,48683.3027222042,46518.6494977923,54826.6674371591,49406.2420040136,48531.9186904738,43215.9321126575,54468.4419337543,42243.2811286109,60352.7159400787,53551.3014402984,55949.2877272764
443,62207.6611375394,59999.6050595633,57067.2862980386,54595.2189137837,47702.6150083095,59935.9865313082,53538.1640467744,50030.1974879617,46009.3422686297,57156.2831634113,47600.0830839018,64777.9027213609,58516.1917336103,57961.5779677079
444,64627.8643069517,66402.6808284248,59227.8686128004,57552.915656918,49883.822748091,60900.2420857683,55804.0407576625,51371.3516002136,47888.7016270398,63920.0685466484,53142.7656788446,68993.9729005541,66283.3230906297,63734.7360532084
445,67611.8957593013,66619.5505522868,61429.4072649257,58947.0055844687,52491.4611429317,64477.5770544403,59371.3281557793,54444.9285391496,49679.4128137515,70033.9734309516,57739.8671788843,70406.5369906772,72405.8704431978,64684.3444107868
446,71508.2427777485,70953.1497515402,62952.393743316,58685.241020818,55185.933201509,67386.9770195818,59824.5577814202,55499.9111199408,52207.9917977824,74102.6036506439,60407.9926421881,74335.7293945525,77253.8203720936,67435.7770177134
447,73408.1190247443,72808.9958043399,67470.5802761422,62014.5564626937,54665.5574377828,69106.7248808065,62912.0372337779,58285.8998834264,53645.3713867849,79146.7787752577,63628.2499533255,73395.4135974109,80611.1153009467,70632.8686490447
448,73319.0029223487,73258.7958317616,67743.3945240891,62589.2552180615,58251.9675690225,71818.7496951646,62433.9656821718,60088.537676415,54643.7003567984,86152.1936910719,67160.9699919271,77479.6991554238,82393.4662569711,72105.7883138346
449,76890.6606789959,75885.8106054563,70156.5163144116,63627.7242834613,58980.9442865771,70449.4569671227,63977.9408766063,58255.2740684239,57011.9688286444,84971.9142869123,69924.8379668646,80641.8553238965,86394.0721442199,72826.6143748132
450,76473.9988142864,77549.9406249357,70152.7008685829,65006.2483042518,60487.9578409596,72144.5124020093,65269.9697785528,62601.3063068728,57831.6928074526,87905.2008028796,71677.4318630077,79912.7361334815,92250.1330861901,75218.5572704251
451,79201.4421921792,77019.3641694313,72445.2050555666,67758.1558815025,59338.5751594098,73893.6099581338,65540.4293375771,61857.4842205802,56360.596915838,89913.4392649962,72653.6559301843,81566.4194685945,90651.2569552223,72634.8755766927
452,79355.8757132533,80513.9490301129,70749.6815083441,67410.082553601,62152.2133837308,74976.6324737899,66884.8674252741,60529.6243841722,57800.9653039019,92034.1301411312,77883.4478882482,82463.4566451362,92801.8649105833,74473.5267174967
453,80849.9240464819,78210.0344468143,73594.2295283075,65727.6959573443,60513.8293285763,76399.4641141244,66963.6289500659,62077.2544762226,58385.1116492985,93265.3281531512,74542.7780527408,84071.0100405834,94958.0989130444,77723.0248898698
454,80516.3421159057,80990.6245613163,72746.3807808213,67981.1122037337,62078.1837851516,76548.6059303512,68798.2885972277,61921.6928405611,59114.2750985359,96721.7235528023,76973.5954985351,85689.0476601749,96655.4486617521,78611.1823326012
455,83608.1256881991,80667.9022677117,73683.7802324062,66620.6969745044,63015.5341357602,77668.1692876719,69238.0058627924,64374.9014148119,57663.1510360955,94265.968182982,77462.2736601946,84971.7568668093,94217.52054462,77229.3964786116
456,82219.3033101859,81393.2559843516,75723.8309335979,67571.4735551997,63427.1506765695,77236.1177341494,68589.2721041045,64998.6596778638,59137.0537755709,94088.0331212616,76060.6344038911,87546.103520243,94515.9170473963,78150.7103958141
457,84017.6229267986,81988.5007774925,74559.9472901085,66649.342431864,62296.0890035048,79420.8632749653,70643.3603490538,63426.482155247,58928.3939237285,95922.9261617776,78480.3239933633,85707.6635779689,97490.5121811511,79089.6833839716
458,82526.3668782482,82981.4452134594,74883.7320679429,69056.4637081726,64929.4461395704,78718.5897578671,72528.1869851838,64816.022026457,60488.5984699985,95052.5361285487,79282.181612368,85305.4698365053,96495.9863873797,79698.3707902512
459,86527.067660402,83044.1152809056,78208.2018433668,69155.4606296087,64886.742521277,79282.4173378693,71292.9498824035,65363.5629629232,59643.9131496746,94815.9594748378,78876.8788635934,87118.4454820847,97873.6551018069,82507.8056343367
460,84638.7387754896,85575.4107782693,78168.6492514268,72157.7908685872,65579.9657013907,81727.6799006677,73446.9998499079,66710.5847937249,63842.898406262,94778.8211848007,76991.571559675,87626.6606442971,97397.0264098955,82496.5746074824
461,85949.0862091198,86762.6352905634,77280.4316080097,71328.2228545268,66857.7381217304,82046.7739496201,73989.9242008714,69041.4732807754,62417.4021590414,98814.998173967,79699.2459224621,92103.8605527177,99199.1841661033,83207.0131016167
462,90939.7736321188,87176.4521741954,79323.1396347906,74200.7902650401,67557.9324365018,82445.8621961418,75473.0957585878,69711.7241637218,64531.957683842,96994.5628790783,79570.7872568305,92122.089312818,98966.9627988108,84019.4170780375
463,90228.2183626252,89597.5109320731,81466.9009212936,74419.3975252772,69616.4114906555,86389.2235931618,77878.3768600687,70731.7600144471,66556.0134826647,99135.5803995239,80188.8801475783,94944.9346889108,100156.59976539,85340.5031748693
464,92062.6892559948,91966.5443004585,84063.6936601978,77041.3335925822,72376.6621890672,86382.1537832401,79256.4137916521,71909.7270135733,67647.8801762219,99771.3927507206,81565.0675254469,97133.9518304648,100687.967486348,88022.1102028824
465,93122.8223247259,95136.3717924007,84442.0767631862,77602.8600994371,74203.9349797268,89941.9794283117,79226.6501896231,73289.905647419,66176.5809180509,103211.673525582,83374.5176401206,98712.8379412844,103793.524364037,88329.56304967
466,96186.7045647529,97198.5982321229,87993.1282234124,79697.7771445725,74066.1401214052,91030.2328632206,82727.1165217921,74407.0698847708,70070.2189778107,103909.864705669,83477.1376118148,100240.385750843,106061.618832819,90928.1966677357
467,99473.8468416474,100263.497225975,89543.0130991916,80999.4133883833,73364.7571996051,94028.3872733323,83309.7984969673,76967.8074806654,70960.9406958538,104062.08879536,89202.0750577947,104947.430537496,108666.302517067,94778.5776716298
468,98803.438891031,98447.0562130624,90450.3525486127,82742.8384455687,76287.5180967608,95571.6692467684,84220.2030903178,77739.5349434576,71954.8728265732,110744.911444787,89904.6129138826,108285.630779682,109025.855632151,94347.1739674796
469,102980.465919627,103564.912560493,91972.7652899656,85109.745808952,79382.2092418132,95016.8178072766,87602.7832337867,80399.7223201462,74301.4639788872,112224.308273283,89874.6985755094,107254.965427761,112667.931890984,97106.7854509856
470,104196.287207891,103703.148308933,95071.9820431764,87169.6787246677,78949.007838348,97256.7078048543,86848.5988318009,80880.700934883,74882.7815152894,116481.17434243,93300.81381132,108356.754577099,116143.798156596,100034.169089505
471,105475.909744811,103352.091632662,95403.7556326565,86360.2114314408,79492.6517583946,99840.1606827397,88393.7122804277,81251.0466818291,74466.9362891277,117639.771454656,95905.9393886029,111994.734052163,118502.934486451,100280.017965252
472,106961.288423218,105400.801291456,94933.4970848681,87508.5820326632,80679.9716887119,102955.470031433,90681.9361228743,84697.2726635709,74940.4786355545,121780.72011086,97697.8330546953,112333.746825011,122344.18773262,101847.869044626
473,108163.156805838,106290.767797725,95411.2403054727,88603.3640541974,81060.1356208638,102255.390915724,89075.2689150622,82417.41677893,74601.5169496564,123348.712873093,99271.533537519,112291.070269744,123212.185806182,101539.302430605
474,108348.597026863,106384.758701914,98099.215729159,88146.2284834129,82871.2952404978,99469.5974950651,89586.3533800879,85411.012991732,76287.1494722928,122380.365479887,101679.631834787,111797.131719445,125366.332495049,100180.089642385
475,110075.280027247,109336.531907906,97766.7015699436,90894.0750284526,82203.1937963239,103437.941545366,91465.9183735476,83731.3050001905,78850.2347923473,125985.226072651,104799.315057866,112739.462469663,125770.821317726,105120.829754077
476,108319.011172214,106523.966390498,97644.8146626205,89505.2904878504,83676.9000064868,101748.50895361,90351.612779118,86138.6580227492,77397.2036736999,128339.278916889,102424.197466872,112018.704582919,131108.017204836,102696.123446199
477,109360.165531424,109002.680371174,98924.0867707938,89820.725457848,82807.4068427023,106251.090878817,90836.2113418942,85978.6412424886,77106.9722110069,128021.6229108,103004.774058231,114614.042718846,129690.601970289,101148.524800544
478,106931.020808577,110495.896165508,98238.0633511411,87395.3058537511,83317.7249982907,101886.067677447,91170.2084072692,84697.8739332466,76153.5032033669,130857.670191233,103962.483612544,114970.359568917,130683.05833477,103770.117831655
479,109690.069389215,106527.129269813,97520.436559559,88143.2984259548,80504.6230848968,101547.247446878,90916.3007743132,83963.9290462012,76994.6361749114,128522.393276874,106453.56969299,111395.45338523,130860.822973977,100778.399265945
480,109430.10805413,106118.806145801,97873.3158404029,88803.5966501133,82702.5327041065,99451.4314422538,92117.2012447541,84658.9824987556,77935.4419401917,129804.250109639,104652.171564084,112332.806795379,129905.171332199,102598.926340104
481,108010.765094769,102899.396827154,95940.0719963109,88232.8214700815,80865.8525304903,100681.615463413,88459.4317480821,82918.058953696,76660.2765440514,128156.137093791,106270.583978634,111607.104165681,130006.154240721,101254.511843508
482,106582.307104045,105499.519004576,96190.8304940231,88081.8301546594,80291.5216155882,99973.4030671972,90665.2827261277,80497.5671371844,74623.7122869942,129037.641864331,106729.175152767,112442.171539322,130186.792346262,101944.217358284
483,107168.288683004,103423.338231173,96086.5478123205,87165.5598548009,79498.3417219401,101350.539036425,87808.9856723629,80718.6473155752,76205.2862836847,127229.293507163,103863.304755015,111632.069356826,132628.28279098,101598.420378938
484,105631.557578846,104125.280981612,94777.7152848306,84517.2491202065,79999.2502617696,101371.635204413,87681.0488149223,80209.2680773607,74546.582890767,128194.385752645,104572.836706265,109359.81299123,129720.959467579,98472.7617567999
485,104553.352979712,101929.059129533,92875.6578988352,84735.7690082784,79131.2680039256,98745.4290248451,86021.630835268,81897.7441448327,75206.562351645,125074.440914149,102036.691006108,106146.050426371,128168.612532245,99838.9470325898
486,105112.624452741,99975.0083987816,90082.2099050839,83083.2492989408,77718.4012558354,95227.7811388941,85802.1077887466,80146.5831959126,71705.4517990291,126003.538599282,104464.052066249,107506.656819088,126587.775955986,96161.6105678215
487,101827.293227288,97304.6164154409,93311.9368239389,80955.3670374544,77711.9424539073,94812.1384981054,83954.4335218573,77561.081989217,72559.8821950551,125368.145331845,98083.811296897,103982.892454407,124311.333428213,95194.5986486834
488,102022.312190038,100891.889042257,90542.1055919697,79902.7384582761,75132.7028656468,94921.2867504788,84688.79710851,75756.1276657326,71172.4947889152,123865.600722741,99523.9206298803,104469.040138799,124507.230939962,94049.6851519241
489,98216.5592110991,96553.5168775508,90629.0475191555,81189.8523961601,75165.0279841085,92198.113041857,81961.768060786,75969.3577208494,69684.9127326196,121353.605010868,99430.8710783421,103944.626701887,124036.452597281,94281.6327883234
490,97137.0734098875,95983.1385817679,88845.9349198525,81386.7584786078,73377.3326391062,90248.5089268269,80608.9679294309,76969.2171775472,69539.3132988044,120961.246196267,99023.9445893229,99595.1266003402,119720.774751947,92924.5964386474
491,97035.7146213784,93709.0970410409,86276.133852322,79536.6501674498,73407.2279047255,90918.4167651213,79811.907288356,75256.8692751739,67835.1164871889,116858.586807524,96749.4602338615,101135.881216192,118406.529908683,90600.9756858948
492,95359.5098675263,93049.4040881994,84995.4878274387,77989.535924452,73043.8628755727,90617.2550141269,77659.5743444872,73692.5931609573,67589.9196972108,116831.638649431,93881.6056026705,98105.9766431238,117729.917740402,89536.7368249509
493,95442.6033828179,91794.1438569436,83191.6754369702,77185.9793773435,73581.5717830238,89361.007157935,78804.5699225568,72916.4490839574,66306.6532449729,113987.440923454,93173.2585170464,96990.6167705618,115855.037300969,88800.6236616315
494,93317.1328992355,93004.5679958052,84177.6235921471,75512.4108467105,70411.6731790495,88636.7009410265,79190.5558743215,72667.7048947638,65809.2320523427,114469.300334657,92051.6198245114,95418.9581799356,113989.685747838,89901.7871946766
495,90823.6580747192,92131.6417546467,81949.6926404134,75070.9890137481,69446.4163942019,86576.1564066355,78715.7281828618,71691.3637848573,64798.6802111038,112257.258936096,90153.5565964025,94870.648718536,111463.366209524,88559.6195351965
496,92817.8348229211,90056.7259624073,82116.6720732734,73973.2923988266,66939.0866355867,85762.1732781629,75482.9852478864,67801.3427711401,64854.1558213563,110339.166388094,90172.6926860375,93856.9681756997,111012.693803009,83712.4620503297
497,87836.1050156578,90217.3477528471,82769.2619089585,73369.5675250109,68535.3514793979,84910.1725593486,75687.3350487445,71306.7507626216,62996.561068359,107616.357829575,85563.6809219403,92998.5822575279,106237.671345105,84746.8128441208
498,90039.1994719158,88811.3712120038,81063.5827955927,75080.5554447904,66491.0420812527,83841.7725131722,74080.5093033172,68642.2567864169,63665.8228529794,107167.122108192,86572.3499109924,92056.0318980658,108090.500663314,84464.4228446468
499,88428.3928127349,86644.4973190854,79322.314424945,70572.4478802855,67927.4253590275,85560.0784688276,74183.7680208461,67761.1555020549,61381.807896727,107343.891112983,85911.8372473212,92049.886396473,109038.618491922,82784.2100072921
500,85865.418629944,86977.919105996,79932.3380919747,70970.3857530214,65427.3236656581,81026.4120253578,74442.0914246266,67732.8048652353,61258.9194318815,100597.970857402,86283.9324481986,89108.1774476542,104658.295738807,83118.9170244651
501,85158.2351489255,86403.9272442095,77224.4687288143,70619.1297333258,65771.9254744031,80616.6857204517,71878.5695148458,66462.8916364236,60776.1724235698,102031.695675141,81380.9955961031,89957.2366962312,105633.068231129,80298.6515746761
502,85451.1392360966,84747.8270204765,78119.9986437065,69392.8681369092,64106.7990620634,80940.3358718141,73991.5263004461,66113.6687485262,61020.7971295431,99843.7915860345,82615.3079709152,89501.0476260194,102151.972852589,83095.7233053667
503,85319.5425050398,85337.528642548,77173.8432386406,67782.9794390774,63335.4915802427,80337.1589238082,69976.0137161806,65795.2016010041,61600.2957310184,98843.9694660062,82579.7711637935,89359.5904860724,103369.445801028,79946.2699701114
504,84282.9213433245,85231.2311180636,76933.6127822526,67983.5251966743,62998.6247403814,78929.240131022,70908.292618205,64342.2975199802,60109.3793098133,101847.085948761,80587.3484273629,90086.7621985187,98732.3884023587,77716.4735111294
505,83753.5374036107,81800.2587771068,76357.6485535608,68685.5241212437,61466.4931607197,76897.4416510212,68070.1124426822,66079.7222483402,58056.4110303719,101312.084770487,80349.319364329,87644.0118614475,97904.8845546734,76650.8844915398
506,81488.5551627812,82165.2041612045,73598.477859679,65257.9397345612,61617.5704620096,77749.925788132,67444.7086004041,66080.5066428191,59482.3983444471,96701.8329904311,80537.6023564781,84387.2490253256,99256.5630672915,77872.0247153781
507,79456.2149067792,79145.2021353414,72143.6212674178,67100.4953372244,62502.2267529848,77224.218492653,68069.0777030645,63588.3568617888,56887.218626236,94592.2225076615,78115.3045794619,86109.6005414816,99003.4068058901,77317.1205494615
508,79676.3094344188,79029.0107424269,71350.9817528019,66862.0790461387,61766.1267808692,76695.1805700678,65366.7148633273,63007.8946216716,55679.5601327268,96032.3164186332,77406.441913084,84658.6372318236,94641.0462284973,75581.4700922426
509,80722.8690229233,79003.4311495502,73240.5688503943,63353.6605910554,59131.0625628297,76324.1597045227,66801.7319825771,64176.6983537662,57450.7207183128,94511.1288460707,78181.0158035864,82115.6655933997,96585.8662022527,75599.287040264
510,77711.2543142385,77254.7440511272,72827.895616502,63857.2041296559,58115.7096794023,72731.8891022224,64905.4654846205,60908.5734541298,54770.0454683772,95259.2306836523,75041.9352830814,84252.5706410992,93507.526945654,72463.3916997981
511,78439.1850770457,76105.873759523,67790.6207092233,63216.5024483114,59150.2781705449,75019.330715931,63872.8726033765,62237.4248503011,53725.684055386,91819.0178107759,75912.4858380142,81093.3435011582,93966.7288992409,73585.0948275279
512,77079.7812151913,74384.3658193961,69302.8504040815,61487.0979892334,57841.8345906098,71488.3466779691,62959.9937995208,59894.3488737699,52531.4693570647,93035.2810512602,74600.9262885377,78234.45274146,92647.315931227,72081.8421089231
513,73678.3299055703,74364.3039617687,66912.0085750185,60906.494267195,54758.8018304851,70806.7290472273,63563.6431826673,56358.0227785569,51862.5504531749,92716.5512600735,74064.9972612841,76680.9956953458,89476.145758738,69659.8177881062
514,73293.0554019023,72587.6865555041,64738.0999752166,59106.3610648663,55707.0583222225,69848.72339604,61595.1471877679,57590.3869275149,51857.0358794971,88800.6729842875,73206.835233389,77869.7520237077,91336.4820766678,70086.7681930817
515,72121.9292874814,71266.8323657137,66422.4564256204,58590.8093719988,52547.67183337,67445.7467698735,59184.1705484772,56095.7973752761,51528.8581149153,87399.030632201,71206.494508222,74572.8410446314,90139.5655403005,65424.6441702835
516,69899.3317956749,70881.6698975906,64600.7527367112,57964.6036047625,53672.8940984949,70086.4800364914,58915.7980648283,53475.3124706825,48476.9687021449,86703.7653670646,69632.9051115535,73656.677339549,86845.9609879495,66315.2442482182
517,68174.7346719608,67136.9236557865,63022.3656101926,57468.2081592154,52232.0238871333,64571.7463854176,56067.2969216867,53700.8191744374,51200.395206255,86756.4493642073,69270.9545276818,71843.9606617329,86286.7974857995,66353.8724367364
518,67368.3919798181,65775.7618583711,62034.6103898939,54674.2458445201,49815.5190556529,64899.5937731282,55942.2691561524,52557.8681414318,48094.7451445913,83392.3357462403,68366.5464480294,69567.7260446893,83725.5404813348,62196.330014861
519,66839.4551321597,65408.6347351767,59578.4425933318,54269.5503961445,50019.1219850408,64838.3112007744,55642.7501848812,51537.5983927032,48294.7661407734,81478.1437712661,67817.5576857208,69233.6761524976,84043.8232227098,63962.2303948374
520,64841.851708586,62227.2213215834,57494.7244229382,52932.5023836089,49228.9096859049,60627.6320200892,53877.9137481391,48655.7484150285,45447.0074162947,81705.6403572464,65089.4617971309,66781.2251864393,83036.428669465,61002.6905084762
521,63302.3188499955,62552.6268328624,58189.8730622754,52239.071645407,47599.5446417323,59725.5156764508,54687.0078113619,49794.3638433275,44654.1395012736,80618.2725607468,63316.3604564095,64464.257769715,80283.2164926984,59942.0869817949
522,62453.9142284263,62606.931952535,54851.4194896156,49441.4612874944,47739.2037696491,56734.6787017598,52258.1568444309,48782.2668312462,44749.4760090208,76594.3527129632,63143.1388906734,65884.6636807933,78821.3423929882,59712.8474217541
523,59403.751926421,59698.9874970631,53772.2856824887,50707.6108905142,46617.3382258859,57742.7218650675,50486.490642215,47893.4512649361,43706.604031914,75675.6911254621,62443.1609497883,62614.0613814234,75510.6642879702,57663.0005929025
524,58875.3579170689,59695.1674895347,53353.7785328059,48436.1461253398,44995.9330160312,55746.296299877,48294.3687181616,48118.3881225902,41828.5075327602,75170.8342759347,60060.5710135903,61594.3873160794,75977.5063387909,56447.8758141062
525,57462.6020210845,57776.2630474157,51679.4779108578,47001.2979078443,44585.8854096483,55394.2021849212,46483.2343619583,44867.0149103985,41032.9509950817,72521.8964739317,57950.1887422038,61888.2512029131,71888.161285738,54817.0607168608
526,57386.0714761182,56362.949539613,51681.8299143492,44098.7064937276,42445.9899082137,53512.8520613582,48182.7661274245,45283.8343139584,40835.2627493137,68486.1903171978,57492.341260677,59911.7313843255,71218.841517319,54011.0135542774
527,56965.336423762,55048.5512564589,50603.3823974077,46306.671882981,43184.5134697383,51998.3929374902,47492.2227862565,43329.6509738909,39425.2999368516,70814.1812313211,57459.8093648985,60498.5539168569,70640.2857409413,51455.0622182008
528,56175.1928974479,54571.0917800915,50259.1540794405,45116.1297616979,43466.0018913525,53155.5421338129,45403.0316129859,44259.8631192925,39283.9360648096,67870.9213559584,55458.5248363476,58100.5610882611,70221.9333762011,50276.9889076626
529,55628.3153382076,51611.9050300964,48609.2681925629,43588.5821052567,39002.5609500489,51544.7758230592,45314.9259940491,41932.0869473455,37882.8522028379,66776.1847924215,52366.7809246229,55295.9873753797,67637.4867506729,51367.6727239413
530,54096.9917069352,52041.2017042425,48616.4812270321,43100.9875924003,40218.1291169378,50472.1478574363,43164.1778020479,41296.2842633692,36445.3812011733,65501.7909488168,54289.7843867649,56531.3561613108,65166.8559468768,48591.3536276137
531,52785.8704045234,50607.5147474183,48156.6256102801,42934.0207219333,41298.6455250631,49920.8316274622,43325.8016151148,39159.5779014808,36744.3142354054,64210.0445649836,52989.4509617142,53984.0910018153,63168.235712171,49614.2736269132
532,50758.676632985,52361.421373261,46364.0499396937,41561.0272038263,39861.1891746917,49556.2766432268,41679.0067851161,38109.1197659526,35617.613611851,63045.2273141224,51493.2515329581,54371.8933851031,63972.8228529866,46704.12497786
533,49903.9915727146,50805.0054147469,46529.6454231119,41456.8957337383,37370.5525124162,48059.9126582887,40923.1019463055,38617.3768015621,36091.1725527597,60403.0657160396,51417.7010660447,52641.2193643929,61343.4920777497,47937.6872347178
534,47487.3708561617,48859.9197726388,45137.7435414309,40363.9834227151,37046.1686640563,46210.3130494629,40849.4231609408,36444.5445878661,35131.0011489508,60883.7821523994,48827.2608934022,52037.5869088222,61712.8767506588,46694.6721416096
535,49529.2986072864,46133.7974228103,42091.4828293071,39163.2034718654,36305.7272991377,46140.8455384078,40727.0264025226,38892.3421835698,33876.0974446866,59624.5333912291,48595.0549350436,53134.9124532132,59649.8171775269,45541.7529714017
536,47880.0629693067,45706.8638514677,43894.4631610358,39320.9808714733,37954.2031709288,43436.6104679299,39166.5114269495,37866.9712835869,34511.5159047289,58358.7260782299,47490.4456944873,48895.4871391804,57660.2659508997,45681.8579257279
537,48554.6112498259,46509.5639210528,42324.6920413049,36071.0810361297,35375.1284212759,42922.4173392911,38735.7265323935,35890.1588950266,33461.9035477512,58875.5085431459,46134.9607397767,49347.2815244738,54178.6382471467,43227.9322323654
538,45645.5089297009,45949.4786449091,41183.7413560453,37182.2946067262,35317.4927751177,43244.5694804351,37633.5500453992,36453.8342328993,32261.9610359015,56699.2873038581,45020.6007583216,47419.9951736594,56730.4630638971,42557.4705004762
539,45948.0165401607,45961.0099710608,39291.0023671586,35272.5167146497,34682.3196391639,43119.824784121,37094.9256629496,34613.211388175,31809.8138261467,54254.8972148221,43808.7248113071,48277.5491321195,54612.5141295188,41053.6456356875
540,45330.8515436813,41618.562855728,40790.4250238562,38051.4974364763,33329.8976259236,41579.4935872053,36391.7161352751,33913.2395655258,31173.8143329531,53750.3070600392,45014.2702000068,47293.6886535768,53898.9351033051,40944.4591060036
541,44258.8519151208,43844.3022473939,38930.7338797518,35405.3008415676,34971.7790069222,42072.9957774748,35375.2001764924,34209.8950436621,30509.4815355846,53586.864375418,43188.6782080627,45566.0457960841,54496.5954314179,41487.9235561439
542,41136.1707880453,43255.9404161479,38836.4246183969,34923.2929500235,33106.5286959011,40980.2042158716,35600.433959945,31328.4800130833,28609.3609771921,53030.2385849801,41270.3359507766,44277.5334444297,51552.9313612537,41248.0843529541
543,42503.2282485924,42114.5367789314,37358.675807842,34879.9736618503,32226.5964560635,39650.2757847186,33811.2824136448,32448.1549489862,30129.4653947892,51368.5730644787,39980.0951291611,44574.2352092891,52502.02342277,39206.6023772363
544,40702.3882971708,40210.0329744166,35581.8380118044,33324.5888799213,31829.1250692002,39144.5696359814,35176.4842225922,31568.996713807,29538.147976475,49504.0853861033,40824.2628975202,42076.8970844075,49549.098877751,38918.6940736511
545,41014.2409473512,38672.0476735953,37139.9765132599,32387.519875103,30548.3305688593,38756.3621002362,33593.0096016766,31027.1172273174,27692.0899331343,49424.3680356826,39760.8041116874,40607.4611228578,48795.2022435393,38543.381323916
546,39705.547576394,38608.4544413437,34943.7119524595,32001.5064297394,30043.0771161401,39058.4846676529,31779.0558825717,32319.6108800712,27591.2896265084,47450.2728062321,37665.5385260865,40060.419990705,47988.1508012492,35503.3739484473
547,39959.0908029628,39459.1861457331,34320.5887882792,33959.9177857828,30459.1589197087,36494.9170751158,31568.0078996611,30685.9811316241,27190.4317974499,46014.7599108686,38202.2532789975,40431.5255869224,49749.4934517367,35789.0669000174
548,37038.0311839752,37324.5121703016,34265.3440256902,31669.6821369317,28806.5268737401,36447.6178607429,31441.7284182135,29453.2082185626,25797.2916389634,45301.7540324112,38746.353945038,39603.8886130359,45919.7050349903,35803.8136181226
549,38132.7974441321,37852.3035084427,33782.2386679753,31764.7488012089,27609.7269387797,35188.3171506771,31057.8697789843,27798.9077795379,27703.4663379479,45759.8674968986,37394.7097640222,38234.2133621939,46848.9671563216,34247.947075388
550,37458.1948603525,37460.0641191207,33151.8924054813,28878.895347889,27293.9686424339,34428.3824233611,31108.0508209752,28492.488020707,26358.8663507153,42712.3119199947,33724.4142979113,38192.03668765,42903.8161004988,34306.1947364846
551,35469.9865889149,35132.0947468896,31793.986775883,27781.5723521661,26716.1865538248,34028.8360748181,29307.9930824517,27150.4272414991,26595.3127299239,44081.0211447806,37198.012423636,36824.5948237041,44641.0146495559,32885.4690247456
552,35736.560823754,34568.3567918127,31436.0679460928,27114.9920817548,27423.1029871042,32785.1786333858,28923.4069738991,28546.0877043818,24349.5258345855,43667.5396112611,35290.1044433489,35717.0212412318,43468.68205131,33975.0436412189
553,33090.6723065608,33528.7699074371,30799.103403224,28344.3369774033,26515.1669916327,32525.8142120382,28589.5730378812,25903.7325371622,24130.0154860476,42285.852513403,32634.4554095959,35404.4968908497,42627.8546967933,31900.0777207962
554,33847.7337495363,34495.5582897115,31242.6013398644,27452.8984356165,25315.440629516,30183.68610575,27718.9419465465,26425.2442530661,23229.7194859988,41720.7388134355,34122.8223459317,33927.0223808647,39405.9549319668,31232.4596525621
555,31658.9298148649,31959.6787459925,28205.3413940561,27052.0081223332,24727.766511001,29306.7045028772,26809.2063739572,27131.0964775135,22988.6034866862,38998.2307221122,31149.8689774811,32323.9160869055,39402.1809245424,30606.270850896
556,31718.396949016,31194.1324669744,27869.5345104977,24668.4121870457,25529.4333688253,28955.3756399978,26180.5001157586,25334.8774939293,22269.5370820921,38109.216726726,30803.4549689405,33860.1602448175,37727.9191175146,30181.160669744
557,32662.679631659,29960.1973705333,28514.2200179437,25834.969345609,22892.875212907,28060.7458557628,25962.4441346184,22221.1055270587,22261.8733124394,38576.1360421436,31267.2490812057,33474.7735883555,37385.4474501314,28803.5994138733
558,29488.0005939661,29937.3661340564,28341.816582051,25211.1013297512,22905.6631810914,27078.849290254,25048.5819832888,24701.9120793663,21556.4076695867,36058.6779057328,28979.9340684753,31898.1804282025,37785.3036369699,26480.4543584245
559,29162.7851850512,29042.5149789345,26041.0420599234,24221.3201317872,23408.1046273987,26770.5509932692,24578.2370117439,22381.5870854295,20870.1881675717,35710.4542643555,28101.9173504337,29689.5750928906,35163.1264390986,27538.7393610097
560,30036.890503882,28503.8774124076,25147.2215827322,23963.5861623705,20452.5715343641,27015.3398206535,23677.2148486769,22663.1216042685,20094.7000710723,34877.078811656,28460.0407233167,29770.2564032093,34613.278487263,26822.6238549203
561,27645.7077079201,28453.3539276503,24417.1731066043,23114.0230048506,21816.6163865656,27885.6934961861,23457.0251924467,21715.3872283603,19995.6117560488,32607.2669049296,27960.1561480032,28293.4037858124,33837.2971354641,25951.4387325625
562,25766.7438824863,28381.7057880012,24440.7415713396,23624.639864965,22143.5161852473,25827.4172163969,21588.508632998,20878.965375327,20399.4275464007,32284.9818238844,27971.1460977052,27132.2410632408,34946.1143796506,23288.111485745
563,27577.0784147322,26257.3151651265,23914.5597111969,20762.7746898009,19486.670977115,25331.6880063927,22584.6216846501,21263.0248774934,19843.7969980519,32105.8314826646,26305.7623742129,29052.7328568491,34256.8436190458,25532.7232162141
564,26133.1027182403,26496.794921408,22244.8626604097,21971.8348925651,19385.4174886695,22046.0184304942,19812.1958916417,19913.8123669949,17451.6468944417,32689.4880244005,26120.5769355401,27233.3432438133,32921.9147427839,24350.6427172686
565,24413.8918951555,24627.1084439503,22225.8287054522,19116.0037801451,20027.3502272904,24176.5868351744,20162.5808010107,18469.3033885938,17059.5921289073,31358.1286805996,26247.7884851941,25350.5454697109,31187.9344714307,23699.1174406557
566,23799.994463447,24834.5158615373,21929.9729149934,21313.2805629883,18771.1654596432,23130.5088802639,20362.8215036437,17044.0984424428,17342.9594780424,28653.1200645795,24102.3576826181,25606.9048545621,31108.3946880231,22948.4242400675
567,22205.6197540571,23318.4020779864,21094.5468950314,18605.7397457385,17728.3558827693,22306.5293326345,20425.6077610378,17640.085458653,16660.9667119547,27937.9252441029,22803.267432475,22504.7132135774,27653.896869382,22274.5349401933
568,23097.9548987256,21877.7994213881,21557.0585741227,18797.1166832129,18922.9603427937,23218.7146930249,19372.1167130853,17724.8619742904,17005.8571599813,29054.167249375,23475.0701796442,23269.9357579697,28712.9103023596,21103.3739540437
569,21740.0388114747,22816.0859245763,20421.9726158168,19576.9211059307,18038.3219554837,20883.4027681062,18148.5239761604,18272.3263837704,16930.3364386913,25680.5240283668,23124.2621100258,23306.2576988759,27835.6314669884,20849.1546687819
570,21766.2735348648,22314.2705992211,20160.4264281105,18233.4321119027,17221.9457569055,20653.8948149542,18609.7545503255,18237.1599500438,15442.9540432704,26038.8297954245,23008.2274768255,21700.9107449214,28841.1220237991,19940.4188276455
571,22231.0849363797,21929.2281728414,19719.5686547673,17761.739220189,17017.9471469041,20163.1741727193,17031.4995582321,16947.4515891446,16018.7229540825,25698.5687893845,20604.0767252964,22248.4288115352,25933.9545260496,20276.7658164565
572,20741.6647315333,21289.1485391397,19295.3530783406,16283.8742165931,16753.0020340108,19564.730393821,17699.635562596,16958.8294218292,14547.8385276744,23994.904696427,20293.2732009371,19232.7936346905,27348.2195098281,19347.7965311442
573,20551.8800569084,21400.5535722113,18687.2102673508,16781.5280057834,16809.4896050048,18482.3935457411,16996.604526534,16027.8554648056,14702.6352535432,23948.8635851366,21458.3190284452,21865.052338699,25186.7254968258,18697.1121573518
574,19526.9791363259,18619.7532206287,17969.8191193028,16737.9246968919,15442.6056094042,17696.5513181297,15535.6568138052,16361.5827490989,14348.7517035541,23104.5430424224,19536.3581576399,19496.897210457,23387.0644348243,19832.2387204904
575,19812.3300688345,18507.6739742362,17343.4107726734,16019.8495010768,14633.5353451227,17694.8946664387,17328.2205813211,14673.0830476445,14665.688410195,23266.4956409498,19734.8362346189,20905.6654607324,24676.5293436882,17984.8005616208
576,18436.8593765802,18719.162984905,17907.3052220081,15791.7175928447,14852.6104941395,18753.5293012211,14740.8148410895,15282.965831124,13408.4229053692,23886.6075375533,19804.8485220436,19022.0289476463,23897.3639132019,16183.9741704712
577,17126.0357882484,19343.3942512952,16031.0828100316,15860.9111617559,14136.5026889616,18298.0684941871,15504.6059753047,14877.7361862381,12658.3333141535,22711.2908031374,18292.6765830565,19680.7875154294,22643.841627446,17893.670372846
578,18661.1075882259,18719.810361607,16723.1075905914,14438.6509767055,14275.9498144149,16973.6702242334,15066.7429822953,13766.6036121783,12912.5564657373,22940.1091529473,19189.0220321559,19436.9419988133,22263.8558841238,15580.0912884418
579,18181.1160263437,17980.0745649019,16027.8433170038,14656.7190452507,14846.2366700726,17041.0257314251,14659.6316275019,13682.9309686705,11880.9559800506,21060.9956761,17525.6741863898,18011.1938837467,21536.6975293591,16618.3213718792
580,17010.7114597464,17197.8224051991,16213.4809439931,14401.3260691572,13048.0021207978,17264.1774857782,14265.6310569958,14458.2323943512,12493.3254112062,19102.0888629294,16879.6000381857,16766.7672923864,21212.7695802188,15964.4721491674
581,16283.3278883028,17679.0976989719,14838.4442990595,14803.6130768393,13281.2470649884,16922.5609572095,14532.5469817055,12565.7514797185,11575.9607942925,19757.8775707945,16741.2962938896,17918.5627288821,20430.8561107247,15443.6000187963
582,16648.7243732438,16784.4653101054,13834.1761956733,14313.7110544184,14427.8058927811,16946.6186313858,14068.2982985165,13017.827531602,11420.0934565907,19248.8100586431,16101.9497837131,16584.1424197614,20631.4843507961,15534.345964336
583,17334.8326436695,16048.1699099892,15557.2331063924,12896.8784874331,12809.6722585833,15754.0744142574,12803.9530246524,14162.4267882319,12539.3602493586,18884.4909462925,16209.3295279087,16966.1435810239,18410.9890329917,15720.1431472941
584,17059.5780362479,15325.5995151395,14425.6269256999,12598.1668198575,12829.8324461137,15445.8261952279,14061.9931093968,12005.1470939569,13144.8312233287,18521.1898632847,16475.0238417084,16694.9743107602,19828.5538163627,15305.3279084152
585,15834.2034380802,15813.7448725227,13840.5322819143,13750.8934119117,12248.2337855627,13930.5692016901,13803.210836606,12002.2997092922,10902.9852288764,18579.1385361144,14573.1711713714,15655.5586604457,19125.8449003342,16038.1428334174
586,15024.5017975437,15232.9094427009,14892.9690836487,12858.8681815946,13069.9174998127,15186.6461721952,12043.8170976338,11365.091837263,11154.7887937666,17742.8439189682,15497.2577619583,16943.0569056081,19009.6831736522,15042.0711045228
587,15496.7526535417,14752.4814644693,14780.3334149231,12090.2278864204,12142.5067285549,14946.5496133954,12189.7239381403,12519.51128528,10610.0356802434,16958.515298747,15386.068150597,15575.1178274813,18594.8692777566,14112.3144812566
588,13789.9061699702,14865.8764050155,13299.4401793146,11613.6352731556,12130.0390325714,15345.2530105571,13629.0055516815,12429.4782793552,10010.1253589651,18269.3520639795,14705.6564251764,15887.9301809698,17970.2852073785,14270.0159134911
589,14671.6889208216,14019.7273568218,13377.6166539336,11938.7125822751,11354.476502456,13217.5777927385,11476.611093778,11994.9405370518,10852.4121253023,17921.3401583719,14438.549655764,13189.5531534568,19362.0812857453,13229.5903214584
590,14929.2609758364,14040.5262977382,13245.4829155299,10613.0461040916,11473.8436047684,13431.2057073798,13008.3900906889,11156.2220521394,9526.03274184428,16301.9022715392,14526.4566507721,14417.3723951937,17411.6131698047,12846.3623071866
591,13929.0451258357,13343.8594002479,12898.581863447,10727.4400748147,10387.4782733064,12866.4939480401,11789.854108863,12417.1629915154,9892.0318953775,17269.7530583955,13345.0219495403,15596.7546112708,17011.148787719,12812.1040256014
592,13603.4602233901,13906.4707973625,13225.8565518121,10740.6954514617,11248.4296924166,12957.9497234942,11512.1591403902,11190.5248087201,9860.65284493919,15757.5823728457,12341.2216706022,14425.4570745002,15699.6176944928,11998.3167489656
593,12442.6115427761,13196.5077929218,11923.3687664475,10627.4193855993,10504.8009269106,13335.0904595616,12068.6071140952,12045.4429979091,9663.50415319442,16354.6572258056,12496.8116248154,13296.838830205,15681.0237870758,12111.8515223759
594,13555.6419197803,13873.4737277199,11321.1648387261,11754.2188308619,8836.00938865343,12107.5095654616,10687.4272655718,10941.8527608723,10034.6578296489,15652.0640946674,13117.6640536345,14287.5445273412,16177.293764811,13246.2365000644
595,14106.3953688438,12535.089391571,11400.7430939604,9707.81066390426,9527.90623832792,11896.3283187318,11396.1996088459,9921.94538592663,9144.37224226751,14771.4393358014,13018.3556860972,13027.1635405847,15089.1581694468,12684.8713192175
596,11876.0704635724,13774.5384465898,11576.4525795577,11100.3917560296,9516.03557468254,11413.0880791702,10398.8580499216,10673.025790721,8943.09534694192,14826.7700424197,12787.9766756347,12763.8813913287,15459.3405799676,12029.9162814477
597,11377.5813489128,12505.6163567284,10595.1155602759,10968.1018770275,10595.9403332324,10898.3379062247,10718.3554069362,10178.4533896482,8478.3835709203,15273.2971015882,11917.302651718,13040.8092132624,14908.529815254,11651.2312107737
598,12253.8353400202,10648.2700973375,10373.0150306716,10128.0245933635,10194.6054183312,11448.0545568809,9828.92856794617,10048.6603592064,8257.46103859423,13868.9811264577,12155.6737601077,13156.988382911,14468.1838028977,12179.653246448
599,12379.084642519,11007.1229172476,10911.1131219114,10373.7923004371,9519.762690424,12171.2215809217,10481.3633278795,9216.12310647653,8538.28974072393,13744.2793166511,11701.0329334884,11714.5925993342,14719.0630399193,11948.8904680283
600,11954.4636654731,11985.8764786795,9573.41425082559,8983.91555352867,10558.4832433547,10064.4518510654,9313.57821304686,9343.31489335166,8284.60620444441,14149.5226958785,11862.4908817316,13135.7438902481,13368.6038333646,12036.5402135732
